ID,Name,Position,Company,qr_encrypted,EncryptedQR
1,Pedro Flores,Sales Associate,FutureLink,gAAAAABoUsiRl9jBpFapYemoy24hCzev3jKziTc22l9uIycfXbrOsSJQjk9LLs7v5zJAXObp3U4sgvhSxbNf40w5s1EpXLYGK77W9PrATeVULv_TnSZDDG5KFJwm1LFsjRZH5MoicuDH-VER4Y8xWQZmmZOXPY9g9J4Fr7jp-fi4t4OvVcNCATg=,gAAAAABoUtfmZfOci6w6-Iivni90kfRxjJCFGMfNGWxUTZbT7I8WIMcFEFpPxIUYrJZFCvBSMOCZzBLIUt0uD1Gl7T8rDjnGTHOxdJkmzh1XGwds8sFTF0dOdjWsoNIgoKkUuReqdMuO-ZC_EBfi3ujF45APi8bRQoLggBaH5ZUYXULc37ZErNo=
2,Maria Castro,IT Assistant,TechSolutions Inc.,gAAAAABoUsiREhFGJkidWmI2-2qg5fT_tkAXLQtaaMvSEhuAuInbyqXins4V6xCRlpqlbzKSBbm_XvZiL9OUyyax_hS7Ea4vgyZUpifIzq4qTRaGLC-CP7hITDrmuWKrlBGy7HvWNk7pXIAUjBg7fms9rnv0cykbudT2jxx1DnEyDK57Nvd0T10=,gAAAAABoUtfmzVYrHbq7I-L_iueCNpnlrdMOkf5CifYk5BEvB5G5JzTfxyQ-jSuSAmM49k-NSQEPxQ96THQn6JvTuVauzNmEdZhLn-xY2ucFFs6BnRkLI9KV9PD1tbAQrJ_gVVHAyKbByifaL8WCtOd5jmycnt-j3CnQtkVoU2erFl_IX2dnQOc=
3,Juan Ramos,Sales Associate,FutureLink,gAAAAABoUsiRs-A6NrYZPzbctnwWpguI3Ox6XGBYcVqOiXjwEITQwLgQTzCeSw98EZTrXFGdJ3wMHa33uk22BHB-qIdvwOQmro0tJHpeuAAR9Mb0jPr6NR-EaWRASiSmPvzfgYwocMEt5J0iqdijssNpCvFnLc0aETcFPiRbrrSH_lYDQkS1wQo=,gAAAAABoUtfmXwxBa-K9iCcyQ5k9DzMZHsbPDWP3x7yz-QRGFwFxO4ZynexzWBB4rrQ4V1Z_fc5tcN_O_X_-72xPTe__t6NupU3eLNlUE9E5jWgaRrb42IMxyPrXEqjGM17yITt1iRwRcsYHsLfhdLaVfxyEH0zYqVlNLzmRgPRV6FPBRsY1UIQ=
4,Maria Flores,Admin Staff,FutureLink,gAAAAABoUsiRZuv8edxe89w8TfXiOttbRfcCEB6gfVLg-YZeLFi1Lqtjbzj_hbUtLzXQjOR4XgzRA7eKA8_0myTckNuNbGpmhZWAOk32ygdS00ua4v9Wm7JUhvwZE5jH36WzU-smv6nPL7OPUCyo_Kgdx3sMihcSxfyot7uHj9koQ-uGbNxBFZk=,gAAAAABoUtfm8vovFH31wNfEx0iooMQAbfIpkzdFQ6NQxTulx-SNeM-DkQyaTSUVA-pAHkvUx6sOsaxljXfHiloCcMQ4x9CoiMSI6AM4vAlklVDMJnPS-4AroiKM88SFApH1C7WckgyovWpTFJmGj6CRt894P_xlPbZZw6FeRQkxwwZz1EdtNDw=
5,Luisa Flores,Data Analyst,GlobalCorp,gAAAAABoUsiRLMr0cSJjyrnpJwz0UkIiBRi75pP5FoBUYP6bDSP6D2yPRf8AvyPSKzP6wIdAo9kiZNiTKo2zyYxa-Nk4FHwt9DVVhrfVlGnuEktS9nAf6MC8FWeCM7K-GavfQjTMeniboNyb7uNAjmNc-ARSKbFyBfZ8XpDsozl72luRkN3BFqs=,gAAAAABoUtfm3BfQQpHLHZGzRhp0t-NpBEBFWv-kx6yBOHfQgYDxD-0GHrvYraFV0jBf27NPXyvkA8PgTYetSVUlD-ohjawGoncKwjp9etubtVJq4BejuoOHVgbbAfijkGKnFyKlPSKd6F1zeSFRNZy4hnSLnVRQPswajjzX1Bfl_yhphZfDSEw=
6,Luisa Castro,Admin Staff,SecureSoft,gAAAAABoUsiRw88OQ0Ob-lCIX9-qWzM5FUGdVdAogTLaSHzBHjBbKq4q3s5ZUD1Yzh1Y6tNl8Cw55K4e_ZAQ68NT8NrbM2ArQoG_6UBd7FhJMPnppZNhmPDr3OrBzE7st84YTcE1ZqeDR8sapTrrVI5xCqOl5rFAyYyXebWjNcUzsoWCcWhMegk=,gAAAAABoUtfmO5xdcL3NToQPQBYd8rPN40d8OAxbiGP5D3oCrpndNTPpLeDkmJK9t_bIJE7dU7B5AHDp9_UriQUOIe08z4pAPTz1XTpp5uckxrhiyeYv81dlZvK1ce0VD-Xq5QPmbaz-kIHOxvYcPo9wccuw-Q4jMIZthPeIgOmNi72aaxHU-Rc=
7,Juan Flores,Developer,SecureSoft,gAAAAABoUsiRX-8m8WvfoNKwbJj3ye1LTQvCULvLvets73puPErTuo-vfsFO5jKy-ACmCTwT9gleXGodqGtsflEuS4mt5xMfYLJM0SszE_MO5sSXdQ9NMh_wgZCJpTxf8iQA9afpjKGTQY9A6ZTNCC_vlHsVbVkSNg==,gAAAAABoUtfmZbKKQBt9vjvvTiUrDS40niRmIifw4ZPqC_0ahhCqdtyDT_6LhEkZdhmUCSlQqwo6q1ggQA6xnUuriLTXtrUI4HpJd-cdvEguTuWwZ_Hq5Of6pAjDpnMQ1jToA3jMlMuhtkGJ7RHiviKzLLzeI7EFzw==
8,Juan Reyes,IT Assistant,Innovatech,gAAAAABoUsiRKFFEZNwRFdBHgYHX72o0_61b7zMZbJDUnmz-GJcKEOTpn2tlZGPJv1EhOpdt3wqSocV4xxrP3puvrTSL2dhG5f3iNC8cI77XbZU-E7lTOAinYbdy6-EGIIu3lKOQDUAxJEZFYud84iMt7fBChZqPvg==,gAAAAABoUtfmgPa9AUFNn-w7ZRuAyyzM4rofJdSOpIX53KY6O6B_iEDoXXTLrcigWGwxt5-0z4v0GCsK_EsqhSgH8E7DF5K6a2k155TNpICnvTSxdqy_yKXFby_9D9XenRTWzEHnKFV67zwmYOzO5Q6LitJsdKCopA==
9,Rosa Flores,HR Specialist,NextGen Systems,gAAAAABoUsiRDpjd0tVxhbZ612FlAOXq1xvZdFnuX4BsNeV_00lR2F0Kj1tz0zVDzvsZmWv7Ozb_8w2mt3wbyEZpHDVY3I2f5EUWD1rfBqDgzLNoWBTup0q5_xX5prsWkX0DGQa-zD2QWRxpzYy4Q6DFG5vmW8mRGWISr7AYZJ3xzcXaM7me9Eo=,gAAAAABoUtfmK14c62Os2EDlGhhgFwxsXG8bSNaqWjT-rh7JoQcz6cgg8SGT-625dcxDJ-gPuggCvJwC-bcjKu8v9XxDXZXW3y34sqAHa-8tb84MwQ1--7ZWtjLDeoTwa3Yb_XlllhH6U6F9qLSzP8vKbHOGjrXAtAEKxbOrC4kNS54TmisvSRI=
10,Jose Dela Cruz,Admin Staff,WebWorks,gAAAAABoUsiRojyt_BD5ZktwGVxgZlcnBIhKMh3hJaKrzRODgoSNUjG3O9SdgTnKD7z0UiEDM2mJMQ9TYOMa5RUnxZRargK-5ygOkeg8JXYOWaqb74tJHCWB7aJx7PnlII4KvQsc3hOa8FCwSa6VnCoHEOgyv-r9HJe4olNGEP2oNLuTxsS4hXw=,gAAAAABoUtfmtmkH6FFXVXc0a7mtHVeQjpFwdaIOa6rk7oQjacMU9pqgtmc4TIil4m92d7968APzUGN8itzbAaOOGYjr7jMwbyboJ5V5zllm7VEmiXWFclPKwmJiftpV0wQIxRjdHnxFjmwPoQVEhDi7XeUxZPs2d_MJV4RjCYNdZ-4w-B0oUd4=
11,Juan Lopez,Engineer,NextGen Systems,gAAAAABoUsiRL5GYgdCpefPAzqL6TkEWvg_J1vRz8cKuP_zyOftZ1jryNsh8xxHaTI_181klSmtrs5yCqSFSEvp5gUQu9edLDRJGD19ylymlCmXpHKGpIayyV7PoBJm3PzhmxJDRRlNBalSRl3aT1GK3Ka2xsoYM1CFPZUon2izeKi35pSci48g=,gAAAAABoUtfmV6JcjiS_bxt5AY6EeRfQcn6uLgx3dOfKzTb4Zy2PfP6HparsvcnTvodtpJhhlM3R6s5lhFuMphvM-4dJh2KPFLGbKNKT6s6b23xZBrsm3SL74ZWJo6mFiwntWj0HmSgINOlfBu5fJ2r-1UrBgaxEIw54fmJLnwgWUvU46RyHBes=
12,Maria Torres,Finance Analyst,MetroBank,gAAAAABoUsiRZLSye04x2HS4PZgFo961OqknqRemEP7OXAd3tThWcR6V3b_nCY0y80BRLC8MC5-_HSJRIJbzFJycFOP2phOFr2Lic7vJxaBIY6sRSc4suyukBZvEUdMQK9Ea13DdWq-zGI4NPt6Fxt9QizdsrkPQ7qkggclqweCRaRhh_Ev93u0=,gAAAAABoUtfm9z4hkL3L_A81URvUQoIwse2GV0_A2tRRuJLSvyeu5IOPMj9SPUv9GjWmtbdsKpYZxAyAL-9gQ5Jg6SDBriexGGeVAZ2WdWLSOzoLLtH0YQ2JtxwNTMQuLKJV0dF5Ux_KfCuKCyO-C-ZIjaOotRGok6Y0RpX9IVYl5IQAi2kp3a8=
13,Jose Santos,Admin Staff,FutureLink,gAAAAABoUsiRFidU_qr1YfZwfX1BRxyOwROoMfmpxn1wTyPdlFD-7hJKmrR9-cKNEY2orlc5db9Ot5BHTDTCl4tLi7bvyapCDX6WYKLHjP-TWpOlX8SIf75hntrohjzEEQe8CPwmwb-8wgJMDp0w2z6_SsTu1BTV5Q==,gAAAAABoUtfmARd4W704OxQWxgcPdo6M46PmxC9_EoMSSyoJw-YYBrQvjUntU8icIQdNuKiXtkx07fKZ9DOFCQtwPusV4K8xz1UfOz65FoIN7RgxjpNHQk8tRgZLtiK4JyP-zkyNaZBihtTeeebfVpwPTOVlFbQ9jw==
14,Carlos Castro,Project Manager,SecureSoft,gAAAAABoUsiRpMA6sJ8gZ8OA9TG18puwsRwVpEHEDFs_tr4TQwu-tuHRaMxnqXhe6VsVgvdVzeYnxU73uACE2QgbBdNhbf0w_gWlmuu6mWc-Cl-bpYvV14KQ3n-UYzwHqP_z74iTJf1ZYFGopgUztSo4QCRwqRPqd7leEyvoUrft1E7MHpAGgaQ=,gAAAAABoUtfmluvd0p5wZQBDrX12Mvlxnl8OCgM6P8Ru3Zs6UZ10E5rhT6UW2ENPvpyUVtoChAyFzGW_yUIqcZYdOTGILh5Cx77vxK9SMD_rTKOhjsVj-ahJyl2JpyvCesH5Ciz-vl345q7Od2kXWPisRQFwMeRgYXbDyvr3k8XKMQmCZsJ9Sso=
15,Miguel Reyes,Developer,DataWorks,gAAAAABoUsiRXcpraTGc3Ki40W21hhpL6HkSlSd9Icl9xz-YGCel-ab61b8K30zvl4pYhrkTgnt1z1wzD3vHK2qcb_2p5TqcEIsdXhf414S-R5R6m0nHcCrhDCU5D9pP1l6pAab3jky_LAjOdssWv3uKua1FqXntEg==,gAAAAABoUtfm6bXJRqbcU3lsdomSzI7zYb52twkzliZmy3qwFXR48kxLSHxMzxPSqQFmYNBP55ZHHLPoIJZYJzdHAKI7G_vqFTGOX3ooazhl_jBHOkNqEf4ITwHJPa7PXRE9DIash6eg7cMo7zOJ2femM5GzT5J9_A==
16,Ana Flores,Data Analyst,QuickServe,gAAAAABoUsiR85T-xr-XhKCHttCPjCOc5MQ_-2tSFwhqjCwwQxcoGCPZeaxs1u4Zx-AZZIgHckiIjUmOXQgB342_u64t_lG5PD-70dgLHAtmhuqOfD7mxUSKBG4w0vSfik3PFhB6uZnwJ2vU-TXFxch9AfoyXJEtsQ==,gAAAAABoUtfmgyKJcoNJ1J6xNJsQZ3TvJ772dj4kWoXqY25CBLSCUmCgCzPSmG_f9nesSomesU1rURic1q1goh_3QgIYx8OlOHw0q3vxRi1sWT5TDMggmEW5PSM_STW9gBBfwnpb6o0q8q8O_MasLZUrZjx5M7UHmg==
17,Maria Lopez,Sales Associate,NextGen Systems,gAAAAABoUsiRAZCPpzoFrGTFR8Pb_nx78YN3k_EZSgwHx5kLzeGVzUsMvmIS6xkv1QD-scf3JQt5Is1cl9f6DOwcZ6vZPFKgn0FbA1hfHj685jAQIzPkRFg0S-gxdd3QSDN-o8d2ZyC639idFBoykJNEbwTMqckklD716Hx90GSy483GDZP-we8=,gAAAAABoUtfmdyBz_X3oy66M5lM5Sy3ShkBGrY-QIDRqRe9-VoE2fmDBIz3wVMrW7jt6KqrfCggrTjTHpvgOMZjK0CVWvJNSNQBh6NhsjqXZlOjO0I_wJOfKWEjo2HoLGw4Fsh_VT3k-rIF6riiCnlpv4gIXNCspAaBvhReiIPpULN8sA9pTP10=
18,Carlos Flores,Finance Analyst,MetroBank,gAAAAABoUsiRM5BRC1Kya9t-QmDiqVXUnGqczRHtr6ILe9vovkllEiJmSFqZ_ryQHvlgr0FRO2UdK2qkmfYX9KzN0VonVxsPrWRAa-AF7owBMJ-lnWyv1X1aNTP-kkre5lGLcz8XBIsLi2LKBHkmWBkxM1TYFnosXwgw_9v0qVpuIKFO8XUYjGI=,gAAAAABoUtfmDnK8QG-nyTYmo5QGhKaclyvFv5g8Bo9mJJ8X3YzC3QD5yJiAdVXMYHYRu5XOAm2nYP5pjqp7Oun2Q-eiaxs82p53zj2nN8D-5BZOF2gQJZgvtBjwcZpP-mHjmzM91QEv_h7-PHZ-06setuejb-rSfhILm3qGZ22O1VE8QCnspp4=
19,Ana Dela Cruz,Data Analyst,QuickServe,gAAAAABoUsiRT2gUm4w1VR9JxGH3pcgY4TgbZccxhL3abbSAidhdvKPb2tHAzJxl1xAsYiFTd-j_g61CtTjASDlz8n1JeqPDYek1-Yk9lJDt_iwKptX4pJX8SJYjEeDY93YDNbUDoMVShYGYVLzLgc-adyancgPOxqdS6klXrKbxa20Pjm45WuE=,gAAAAABoUtfm9QLDXp3srtKj3SSv2UJe52UEd84GRuoCjgF03r6VOGZL5Ag2un9jLv_Gnp8sjxFfQBJ3qF9ky-xhR9QnJxWtYmlC7XaBZySrXgvL6ZksCaAD25ac7JImaw9diNWSvHX_5k2Z_lKVbDs-RDk2JrU-nqQyLvhIN_p8aXsVIYjoMf4=
20,Maria Castro,HR Specialist,TechSolutions Inc.,gAAAAABoUsiRWeRrErv2wPR-mDa_RIj8G88fV-30G2Y5lX5kn6UEZZfkh589BcfWo2alqbo89Jf_sIjGejPhOQAKyNThQ3v5h_k7p0HQWwqGhamL49fhFP2vOUL4vohpKUxlVtwFCD0iazP7x4FqGKuF43BaamrghQFaKvuLNE5uv7tGnjtsZGA=,gAAAAABoUtfmnByBj4Kpz6byh7H_LC_goV0phSBFnWPcu2R5FQwIZ0o-z_ttg5OgqNRXAidU9pH3DD5FbU_J9LEv0uX65n5O-8-bZzC-vduzJ9mlxi1v9jKGwxKpOP47FyVvZCx0odakC3rYWrrMRZgXT_7nVRP6TuMYis_30qVgSVaQNf411kg=
21,Maria Mendoza,IT Assistant,Innovatech,gAAAAABoUsiRbBshXaetGIUvppSW1YbQ3hkrhjx7ft7RViF264Cm6-O9pNYAJHOG0R6VzErgU98xA74auGi865Bc9p9vb3CyBjxGbCH5o4-LF5Ffd-EWR3Bz6CTUb8qdVBPY1wtEEpHrKFsUQvOpRWRFEolcOH9gYfbHzAF0qyO56QbLpMFtDOg=,gAAAAABoUtfmZ8CSnPM8ZPTRumAmnGndEYb2yPiaAWxSxwM6DzvEgHu2GVKfO56As_H9iUQJRx6UdYyg0ldMEMsGBo50WwuQWskvhdJqARQEs8D6E1ugNYOykGJqpgswiGb27oxN7m6wpEcVrgUH2WuQkqbIoX6M723uXq0UFC_7DsRSGJtmUvc=
22,Ana Gomez,IT Assistant,WebWorks,gAAAAABoUsiRVLCUWMghh0Oix75QOwD_choHXn2WqH7AC8cwYKDMsq1wscdsnq-4iFkX9e2m3afwkubvRAkh9rEx2QUMTjDKnLbBSTFKOx95AE5bselkLdi7O1aOU4U3IAYuDmPFcd2FHGmUTwO7chQxH5PPv623TA==,gAAAAABoUtfmRPbQ-zzE4Xbac3pcVPcH0-MU5JV1wBA0oGQH2VSzAzceDXIsQWA8H3Hxeq8v76J1QmS3GCSUUX5eIk7v_UqC1VZkd8awB-QLdixayDBltlIZ1Ins57oKgO5zyY2TKsWiXfK_DnfBvz-r03YrHxLGcQ==
23,Maria Lopez,Engineer,QuickServe,gAAAAABoUsiRIu4P4bj3LVZgFYaSX9KUYSikaCeqgzTycQJ5vYgoPq3OwbNHudtNCSY0O64l10dM9o8OBq8qRxE_5P5Zv89gNn9pVHFBB1WTR_9jDT_Y8lNpxiihXVF9QF_Jr8vKQzuMYpTBgp5_o1MwqjIR1DyN5Q==,gAAAAABoUtfmhUVDfBOGoIKMzltF1c2mY9Vj2yPIwWq8PFQz_MPg6U_7GgIzDxl2Dnhiupfasn_RfYv8pxJO1EdEcI18ZKmQ8HS6tIArbH-zqlR4gj3OpO0CKz50nyRSN69arkKJrepz16Pzg79qpvFiLFW8yxVkIg==
24,Miguel Dela Cruz,Engineer,SecureSoft,gAAAAABoUsiRGBYrl64vl3UZYZSKLN1wolEB4VYTh9ddANs46nO7cKc7__SL_0h1sPNr0j8JQrkJ3ZRFlZ6cI2sHqaBdiX4qOo0vhsKcbTzi0G0AscrA7BtSnCi602sDayGdTPt1cKeCcQc6ZKB5ZypNVprde3AS-6IKSPEijcTryQLM6_yiNwo=,gAAAAABoUtfmLzWBkg_7S8pry9ibaj8D0A6kKwNql4peHmr8J_JqWk97qm_o0MmT2Mj5BFhqpNWywBt1Sk8hKc1vpMoZFT8Ei-Y5d9dqjstZ_i4jyNIVW9Tezm8kS2hgOOKjBWIJBSJZ-3g-FSjVPbwALhBpPQNwoNZE-cEIUrqqmg333IvJxUg=
25,Ana Dela Cruz,Data Analyst,TechSolutions Inc.,gAAAAABoUsiRrke98PTbY0ZO2HqJx2nFRsF4pN_XOuUDEon74jkxB93WxEPttz6rLm16qLStWOemy8TSj85dcEF0cov4qD4FIviWB-PxUii9JZEBjkzzLKf_HcHiYWZ5dAF5mr7Q9Mun2XQo_bUmVNfg9rY6z6tFGLtk91OihBXZV7xT04vrSNg=,gAAAAABoUtfmnj8QgLV95mvg7Dlmp0xAdrUwboc0JGnnU550TPlPz-_B6w-JpTChsjuTptLahValb7UKpmJFv-p-S6RjQSrkZw4PhcdG-osorvcTfy0X5995IiRDUTkWWMEunKWSzxQxlKc7XeGPNdhI5XiXjiPVnEVwPgYf9OJmXAjHYjnxB6I=
26,Ana Santos,Sales Associate,FutureLink,gAAAAABoUsiR0luqNrjrA2jLrl5BZC862pgxnw2rPLmjnN0QuJqFd0ymHbGulQxgbZ6qVJteeKAMWuuW6Tlp7DnBbOw2hBBBEYTbMeXUIowxg3Hpxgq28nmm8UaHP_SFGOBfuPkw7r1nfxtJZlXkirajsRuQxhrad_8Ju42Kdf76BTnFTlI71kM=,gAAAAABoUtfm3PK5RVUxwONZlEpS-QHPzsuJ05PPWnL0eQ3c8LOB7uPu1hasN4gvsfWpKKeCIOjb3lIUxWE2pefIRX32WK9xl85W6yvoX_eadZE9N2T-J5V9wBynrnZLm5bLNpQk-orhtMkEr4Y9THwsyjgJowOv8Qw0VyO-co6Jn3VyKM48SRs=
27,Jose Castro,Developer,QuickServe,gAAAAABoUsiRyDTu0kDiufC3817hx_FfjDU0tEaaMpCSFxlr9SZymP0FCRE-tGKNiRO7AGHbTClSNRjLxQ3APn6A1R3twzAIoiiuSrXnTfRzKEYJPN76i6opkNGyIHKkTYQKOcg-MuUDHxxQUEyIdbtYsTuYmlt9HQ==,gAAAAABoUtfmcKqyewOhUqy6nU1AZpn-hQz6oUi4_5sdb1TX1CaHFAsLuurDy67PJjuC0hws8BTAheN7raIMmoPYZp_Hp3mrkRspCycPxR5DEHG2h42ZxRL3QIgrm3_K2iuncJ1CsMwpQpZS5ncjryOYbHxc5hc-3g==
28,Elena Lopez,IT Assistant,TechSolutions Inc.,gAAAAABoUsiRDI_FyJsSCcEcsbdkIAhfzHvSRivZk7YTyarla46h3iEbC34MB-ZaikyIJtL5SO1qsCgOKKOBFWOhkSivPOWvG0krJ-q2SmhTJFcy_M93_0O8-UHr2EAtLLCapKpsLdfmOGlTZ72k7BV7cuoZczbl3lPnmDnNq6kX0S79yw-RkWY=,gAAAAABoUtfmT3USnwcYqn1tNyG0Smx_P03Hgqk4KQ8vhAdPzTJbnnndu0tV0bFFuwRXWKfHmcFynEZ9kCeo56MK6S49ZE5chJHl7csrKxoEudo8-JqRycMw1xCPkOycBelEXwZ-1gUwf8J82y9diAio_bJnzKbMTOE-SoyEih9gYvH8b3ZlEqs=
29,Rosa Ramos,Marketing Officer,GlobalCorp,gAAAAABoUsiR6vfXxuhMNmECIDautXchbE999K96RWaN-egVjj8R_t4uILWkMLn9Ugg8RoifMQDnJ2sBK2JBqp8BObsNA48srsUnT0dZ3vSzm5-excBZtrE9MAFLTrUaiqzQvB3-YJ59le98ibkW_eT4Js8eOpKtncUjIVUWPPBdgmQmOH3gZa8=,gAAAAABoUtfmMdFfn65fRn3NGIiWU2b0_r49b4fWDEiCNrmOXu011vFeyxxoPmE2bhWlt5wYN1jjLxGa_1V06nKGHi5bzVciwQb8cOVxQ_ZHJathfih9L3URPJU8Im5YDdScBje0UD2NlRs-oAUlBXzYos4IeEJa4bjKqk0Q5p0ih5Fa9xMPfMY=
30,Jose Flores,HR Specialist,FutureLink,gAAAAABoUsiRSTAD9FRAAoL4I9TaiWLC0d_0yfPXMiKl_JZSVEPdvvIGwje96GM4G3VYYT9i27DEz-Oxtbu-A6uS_jNE7-4GyRcgactEtmUMfazoPP6zAc23ZU_8J8Oq74GhaLYRFDVyFLTKyv_CosAyWQzGW2A88SaVkCz_A3o6p7_f34wIL1M=,gAAAAABoUtfmS3jDFiN8q0OtI_JLEFhoylmz1CmBuiTXd3ZT12_mKTjjEIL09wbrjZ42TNbcDQGhWmt9FKSMeSyzBsc2g1QixqMGY4yUMTW8wwpVwZ53UcN4r3aNndVMrOWWiKq_VfAK72I2X_a6iMXzQkQLD6yg1tCmMeOm6LjyRbmzzDkS1Ro=
31,Jose Santos,HR Specialist,DataWorks,gAAAAABoUsiRvRo0LT5PJ6cDAxr9O7J7cTImfT7yrelm2f71ZuZzope8MdykQI9AuxMW4mBBHX35qwxTyUBM7JrY8bBAmsXH0plZvaz9HeDGBunJpc9Tzxl1x-e42FNuiGf-weYw3vxYAmuwfRkKgQ8DmiQD4xH0h3papde0BmXrH780ktFfkss=,gAAAAABoUtfmylTpv5Pqu_u4upeOp7uI3xH3lPPkjgcCt5v3F3PTpfV4hMoVp1IuoPoBJtBFcmsrEy8ElL1VxDB3nMpo6ymGLVqsPFw4JAFSNWDm2kl0DK3sCmctN8ImO-tyohg7eqKJR93-yTQZIQLwGCYT6i_I4Ri2LB0bsTEIgIcZcB_-w5I=
32,Maria Ramos,Engineer,GlobalCorp,gAAAAABoUsiR52LQcPQslcKyVkshsPM7W1r1tfMdsIzr6gyp-CNtuPH8OjVLn1jbSDm9YCmDpPYzwTTLOnv0_q9kj7o8EzCdDxT9IuwiPSIPAd4DfnaSa08bmj8Xegh-qMQq6QkL4XDvHAx8jDpgNAg_3LqgWB0o9A==,gAAAAABoUtfmOJ0CJy8LU1zEBiUgpmN7V5W_htvV74T6TCZcn7C9iHm3qgAAtRiRG5c0WOoacsdFW_AqKdAdR5cQGgy-ZK8D0aNPe7YofVsi-DleTJyckgb87IrlvpvRKxbmmXxz7nwncK4sCD7ldx7-_1A7vH-vnQ==
33,Juan Gomez,Developer,TechSolutions Inc.,gAAAAABoUsiRH4bdnSkZ5lGJvjEXktUs2FC3elqNhN0l8K5vsniMy8pJIw8iwscnQu4h4yQMr-ieUUrWE2nlTJ5mcwRVt7yv64OE9Qzi8FjHLfIK5tsJZ2-rtJQCQTCYl7Q4_OnCfx1SfA7JeI7TSAEt5HUAwpE6f8nb4UF85g6UOK_ihMJYFdM=,gAAAAABoUtfmvEB2OZ7PmVodELVUbDJAPwKcsnj9jlUqTZR6lsZVryFKjEE54O-GBxwTXqvHMyMAsKbYz3WbJUwNMyoBm0HyMjfoGiNj4Xp_DcJYwVAzaZoVq0QDss1FoaHoivHFI_AvkvH5ZjW-eSeRo-wG2KDKeVwIpj5ZRKkBxJuGoPnPndY=
34,Jose Lopez,Sales Associate,WebWorks,gAAAAABoUsiRBaRxPaYrA75BwnwDSCmWnx-UkAL_OHhjapnaNPzTAiYk1BiJDel4fJI1iWj9pKjdHDe22LV2m4FcUej4X-rumc1FeLC7yJM5iqO1ooXNK7GdpxCAsGhvOpVTZxgTtAlrO3J7Q3pC82Zme9OYLXoe-uUEMgQWTb5JB_1Z-A9xW-k=,gAAAAABoUtfmV7HA_39lbzKN2ROlHEa1xDHUeFkJr6x2GQ085N5BFIz1g8keAnPCXADN7xXKYtBabqIVlmrCJC1x2GfAYATWcEI9_SxIFjd9L5DHc-sK6-P8FmEDLYEAzDUaS-AMKjW9s3QelJ7aEJvG_KN0hP0fOOaNpys0gvvejej51ZVT0ww=
35,Jose Mendoza,Finance Analyst,MetroBank,gAAAAABoUsiRA5K6s0CzPjA7fG1NgAMmlqa-uI440xC5ZfM3_B9qY4vVz34KfJn35XEvXosREE5nWwN1mypuywZ3i_eBjgimPlsYsVSQ5HW4tKKLtRJ03AYpFvgF-VcVjAVxv-vcz05t8Eji7_6l9CaFRRlUAMhr7jeUVZsNP6fsaHQ5VWAp1ds=,gAAAAABoUtfm7Rwtas9GTrEL9fYhCibIERSKhTFmL5eQrmMbc3wBPN6IEgdhYE1TMHxWM46gbedW83OF5LyOYX7NTvmdO5prp-21jWOqpCeSd7YQLxfXJOlAIaeBQ1S_bw_m-WdRvyi6eD2555RvDPrQFNnMawuWES4QlwBD27wLiqtA3sBxvYg=
36,Elena Gomez,Project Manager,TechSolutions Inc.,gAAAAABoUsiRnQKHuSRATD4AN8SnfNO3dRlqgdnqZl5zku97sgf8Y0PP63g70xK90iDeyFPPOdbMvfx8UY5cstXJTyXyTUc_vr3eWbRaW8q4hU4EUhF4DZd1taezeN247hNGnAXrfmmdEnBCVtJ65iFDSrvB91qs7xOOJHbyAT1YUYIRB748VKw=,gAAAAABoUtfmn8_pDhCgVBrw8Ee4vVr2UpFhqDzy4KPTJzSLR21FaaACzxO-NktZ2qcd1BACnxPZKKQhPYJGUWtMQqZIkA90F8daANjvvNLIzjwe-O-KU1KTVOFzDu2A-BYDv3Hep2vAouKvA_JztWwPQnuiVtgpDKb4pCbuWeM52kHmB45zOi4=
37,Pedro Santos,Sales Associate,GlobalCorp,gAAAAABoUsiRIO9LK4pkNdZnLna9aHwXLcXgoTSnotKDNuRpuW0C3CL6dmJduu11vkDx5VofK7vcInJd3Vcs2EzoeEqfp8OyBmCggcKAvY3taXDmhn6sHnVXfozlJG0Si0W1kZtBfaL94bhTP9Z2eOxrzcKk8C80JXDcIQdCwrlZs7BBwBaFSXE=,gAAAAABoUtfm7BHwLFlQnxTubUEb6bggiCrSeNX2RVFcWTBGpMAy8-Ftdg66rTK7vx4ziqK-fkcDHd4iV9ziN9NFw-7_iN4jQspEbjCJCZm8sFJdSFzPDw50mYJi8TQT749PSxq44wemeEP5Vh3Ram2KuNQ0aFT9zfKW1YQNRLLDhzJaoTHod_w=
38,Jose Lopez,Marketing Officer,Innovatech,gAAAAABoUsiRHwB0v-kNVL7c976yl7qctO7GzxOMIIfanFfIFrISooywqJO6efRzcpHq7a3P3OHQRTIdVp601xIg4-ESWQf0C0j4EWG4tqy6n6sJyNiQ9rbcRw59tF-iDrcUtrAq6U06tH4JM-_9gUsy2HnoBzKDzKPjRGQKC-mmUm11DG2i1Fw=,gAAAAABoUtfmSFUzS0jSRYeZuxVEKeNBB9fCyGk1mY6zBdaEzs82Eir3UJ5YJv-Q4dmbHGxEwPbS8yFL5eYPzcdZNajB3Mllij1NBdfpQ0vpcEgH4aoVHgafdDhZLaSm0XGSP628SV8otLWetbVJI4ZCYc6Dhd1pyX65XxePGlS_MzHuUe8xVCY=
39,Rosa Castro,Finance Analyst,FutureLink,gAAAAABoUsiRxbcoUGu5oEDzixGGFQ1kfcEMt943FFIcsMzYynxr3iARn1oLdrglJwAHhlFAXVhPVN_nctv7frCVQl8GnGmlxYEJ7YtNVTt69e227hyeAG8nswx2LBDPk2BMDt8M96VMtFrcoObuw4pzd_3vK_fA8D56iMAE7MBY9JD0hz0ri1A=,gAAAAABoUtfmdEZRiYo-WPOJGiWyX1lkKDd4U7SdibCfz2oYqAmCORD_7AjI7tYIB8uJLmiO12WkXpejadYsPyOTTWdqtUbPY01ltis5FV8njKLHnMRG5D2BLfpdqXNYzgolG7MlgeUogFWIZmfGOEJo8KqD4khlDIURb1j_VA5ipEibKOd0VqY=
40,Jose Mendoza,Engineer,WebWorks,gAAAAABoUsiRTfUniH4nuLjS_w9fE9V1JvIXxoDdr-x_K9VQPSUeigkOJ57iF9aklbfpMYVnwdk48Gurrj5RLPHDvGOAHPoOf4u2fPakjkQp0VUEEhNBOzl5s-EsOfTCN3LSMrjLjy44TsyyWaHvwE5ZThOTF-mfbQ==,gAAAAABoUtfmDf2OrTag7XlQKPa7ojQFLKRI4DlBhxmPYzXaf2LygMlZpwt-M6Lgd2Ih9g2J6_3tqHKRJH8B2zZ6HSlRUTtJ6xVcRp75cxn0wqWxVQOjHlu5khQcGCdtQLJ0Ol634LFYSkH4uvJSRERj-Uuf-_-GAA==
41,Jose Mendoza,Engineer,DataWorks,gAAAAABoUsiR89jnslserJMddugjhC-peajw4GIu2v3CtmF_0GN_VOUP74-WjnUqh6-hSOCBcWCseKeUOOtlm-Cin2Q4cRUqC0OQCXIE-Yj37iLwcWp74f-eh_qF7iluwk-KZz7jQfbl-7j8nB1mJYj4L-V1qTrZeA==,gAAAAABoUtfmcplzXoO0f1n2rrScpK3PmMiB13-wSuN3k8PfshAPJNM4sxjHtmFwUa-pc4eay5MEOyJ9vb-yRCddn_fA1RL7ztDsZwMYvPlrSgdu4-sG4sqQDMlI03yK4cjN6EGAm1s7lZncTHh6Y8O18tYSYFegBQ==
42,Elena Ramos,IT Assistant,WebWorks,gAAAAABoUsiRcfnhcSs4_C6QInREzw43sEXUZHya39owEk1xhXxib2rqGQg9ByY4dtDCqgyAQQkpO7Cllcrjde2PTXKhVDUhL-PZHcfrUxic3gNuYy8XZH8AgPmSRUwPg1sQ1H4Uc6w_7eChuxB4oCj0yxDSOKdSNw==,gAAAAABoUtfmcsEyBHByB3yqKW-ctepGisY0tiaUocT8nShp2w7MdX2phqAAbm3WHkWNzBC3OLtLt3Wz4Cfb2CONW1YWHuCjWqbsBSxCUESISR4x6AQW-4dnJxJ6FYCmmf2cUbvCXuWUdJU66Il37d-S6XGleOkFjQ==
43,Luisa Mendoza,Engineer,QuickServe,gAAAAABoUsiRbcqhOvU3WaghawlRCRuQ9YVfd0xV6gwg3QCb3c8HOmX_Db372rmGFnECniiU4Dn5_2V9VXwPlzSNpuc7X_Hf33OQFRqWW0IMB_H3updEa9xhKczv8awVZ8K8D7daC8x_8p41MRNalVog6mwDfgJ7rA==,gAAAAABoUtfm9KzQVwq5wIt0A0CzLmVQOIUsBe0ZlVVQ7Pom8UkMQVtQfQQwvuYHGrvRKYLcysgf2CbBW5IYA7Cpv7SSJQLVn6kYDhlNnWYHZAowDu7BFv89di6qgSRmsa1SG8hUXGIR3L0osYAdcid4_akg7RB-8Q==
44,Elena Torres,Admin Staff,FutureLink,gAAAAABoUsiRFeWq7KKU0KD6DTZhkVSRVmPAgcNPUDxELsf5on2vJvOtbnnw4soqClCqiw9dqBMfp0odC7kOLJHKFW6jEgChen5PSIvlPt_UVV0LU-zYrAoY9MyJ-YYQueVmg4_dX40SzIB5aT6HemYzs9YfUJDhGhPeNa58sdZnWtxmfdMOR9I=,gAAAAABoUtfmtuS3Z1uP03-vdPyjMubOQuVIw1TSPr_zQg-yccOCRQR6vCtU6BtknW9U1HMOboeBJgQk6NuUAxekuTlYQDvaZDILork8ambPp8CfzIRdUXroGqT00cVxPsl7Th-4JBZG5Qym4JxQfW3paKMyLl2OFRHQqOrbbyhikQ0FytuK-t4=
45,Jose Torres,Data Analyst,Innovatech,gAAAAABoUsiRFd-bRfhZlyReCSwYgbjnrb9M7EowIff2Kz2mEvJDlpjKkK4mZJTDdycKZqVRTnn_843ZsPxxYt1aaBh1Ozf9wSXnmC53GRW3U91zRtztQ736cxm__AU7H4M-WlJZogKY04MHBWPKVs8D3S_uYnfrQeLLxCIFHTxy6sHfKaNFwRc=,gAAAAABoUtfm0-_nlIQRLnZiwLIWHTpvRW-I-Tj9XbJafJOmyDezv7qb08Xl2woE_MbpPnd1W_zlyP0HX446YGoVgKhWgkk62aHvEbjuyrfHrf0rlZI0lU-VAFJ8_XWaj7aJLeDYns3WCuPQAhb9meaWri3wERyuBcqlT9J2DJD2DkZQheYKdlc=
46,Juan Santos,HR Specialist,Innovatech,gAAAAABoUsiRu66ym1soujeDv4NcqdMWCkzKdl4-pqeHJvxe_2-amuSgAoBXcohPfM54HEZhfIF9vsZOkDO5-9T5DK3o6BUiYg594UA4SolShFUPy7A2uG8SqpwMrj4iGAUU9Cs2AI-V1LqoIk2Yk24yWylg4xp56VDYLOawNwD9EU1dlFwSgv0=,gAAAAABoUtfmZlPqEAe31JFA8O_14HQ8G-pMm8OqWCKS7R8PwUMNPEkQectunt8YZcbD5GwiwQEG4YlkzEx1f5WqxkQyDseqVpLXC9l0Lpqn23ZDpTxJXHR4Fk2kc5-DtMrNVR2UCk_ABMw-MXDx3MoHg8TZfobsoPGzyiIGmTVY5qX2msvXQwM=
47,Jose Ramos,Finance Analyst,QuickServe,gAAAAABoUsiR5fGqX2ONAxG3JBrLiYuNlgIU6cc6t5QD0i_CTABo96IUnV4HMdQ9dxjSCCdKtOqImmP6TNs-GFg0QXPa6vLl6fwjDQAIQdwDIbc7QUf7Raek8bCKQjCzkvt-YribW0FIlhRLuCyblcqeFaoQfcV2H1Ojf4rwwQZTfab9DCe5Wfk=,gAAAAABoUtfmNK1kwMwZiHmoFl_1UZFcSj582F8CAuvwHK5SEAEEg1BSzxCnXwC6fXmrzuvaZvlU-DMMqSEzR82J0fbkLlsPrYsRgC_WwbRZzFkrw0uaNEY-ycaVNuH1d9KWWlmRCrPzinZI0zFBLj1H-N-aB4yk5fNt702N6kR1MPtrvB7i2DA=
48,Maria Dela Cruz,Developer,Innovatech,gAAAAABoUsiRxn7duV-oWATTO3gqNzlT44C9LhlxfHZTK4xVfr573LiySDa9ZISoUNovXNXumnQgkjvpduURUgOCWfnD0SwhXa4eboxjncBiuETHjxQHyRVv20AxQfkFlgGZDOMuDTKaKELICDMOUvMddgz8riyqTTheEBQTeBWJjRBl33RWqco=,gAAAAABoUtfm05SXEA_AsVsPExcLCTEP2QQ-tleOe--SoqOIVucy793jL9Gp52qg7GQPVvXiyrucSoqzos93yxyEtXnbsSdz_flgFP1eTt-if_iyMx_Se72XOk3g2grNXVdIBlW6kEh1Pwvpa39WCEfzlgw4bawEO0tVtcgo3VJGVOHQZnhbz3I=
49,Jose Dela Cruz,Developer,WebWorks,gAAAAABoUsiR48AooLu4njFiYQCJSYYHvEzewFhMwM4dcv95GBBnXYz6kVDzAAQjub8zPtc6ghKJaLaNIKF6NBW8CLObSWUQ0mjreczNjt-aNT17ZKCIBIQks0ayG7imhLvgGP0ff8Ld7ypRo7ZShjxFkTWalzGy4A==,gAAAAABoUtfmlK180hTIgNkWLC48KzjUyMZtgvcS5DmySUa8gh46FWYBjSzH7BO5GpbAxBmNyEeXO8OYjpVrud6NwyArl4z3EoVR5p8D9q4jN8J4C3ZYCM6J0CDqa8N5exujbtvLiVEk-s6DGZ3CxBSpF_uvIOU6Hg==
50,Ana Gomez,HR Specialist,Innovatech,gAAAAABoUsiRuAg9Vy4Os-B_JHk6Ydh2q6ZerGVQ6wh1Oz2bOzqCAvPb5UxTmMVVYOALbaK2DRz_8Jhsn7mtXXBSxgfQFLnKa_6pBt-js7dTlp_go2UQheq8Otcg2uCKq2VuuoLId1gwAwx7ncMk0Q5TWcWfNdh4hg==,gAAAAABoUtfm1T7NRl7UUupdogpcpf5aLlxqMS8d77_qC6T7nzo6qck-mys5OOt3lsolm0fz3UdK9OM7RZvfLxT6saIZrHS9QfsryVYveWUR1HTGWUi1LM3Nk4T-nJmDqbkldGvrmFv661iggu8lSTFjyJ5N-_rM_w==
51,Miguel Mendoza,Finance Analyst,Innovatech,gAAAAABoUsiRhroLgFj87cQ_GJY01lyuO64IJ8NY0Sx7Oufm1fubHVxDNABN072Kme_Pc6LU7rSjSbKqkqMZd3u57FM0VyfpntqywaxbhZ-CGIMgqHGZGQkK2g2f9mH1BtoWN6B5EJnkS-pwoNuLsRTMO95wcxjL-fR7HI5WDal67yxJ3sX3Gb8=,gAAAAABoUtfmNo0nXg9Xhg6ihh5UMPou3ErYaEgyeN49kJZLXtKapbJxw6GI3X5_2v4AlnyW00uEQ5Aq0xyJ3aNatZWken9tEfH-uXA_WIFwp1dm13cEW6w7quiMoplPYJFhCsl2rx3ZGil_jpmme6fVMslRLchPdyingp8CdHT6_VXhEbHo_OI=
52,Rosa Reyes,HR Specialist,FutureLink,gAAAAABoUsiRIffCM-C6GC5hVrlZ2QFyDxIpMoyiluSMwCYb8djbyAszsfrOcP391s5J9mjeLPmvPB9nx2bU0jgSnDsRX03jaZaHLacQlW9Vx1EX2qeiOvagdAKlsnjEcLRgpS7YaTjG_D93lJzqgp-4POZpuslxZJU-pF60EOHoOXv1KtyGzRo=,gAAAAABoUtfmLF_dDraGmoU2TIeHUhfIiG-a-2DEAwORKN1DMBBhrXh-voeHTMjeAYmws67jV8MCcxpPsf1znANXbCiX5WlEm7gWpPwA7s3bvMJCvXu8jYprkkIR0FZQSgfny0WDX11_Dlje5jVKjICk_1umbNwmgO5WKrlkBSBafTRLUzpEaDE=
53,Maria Dela Cruz,Sales Associate,NextGen Systems,gAAAAABoUsiRZJdiojdM2aN-fBMjw_U5wDG3-y51fTpzOZqygd-KyVPaBRqpcoy4f1Pwgkdzaib4-JDEsDQijDh7qb_8Igbn5dh-CfrFuDeaHutiWNIXbQt3Mz-xE3pmm-Z7lpAfEU1ZzNp6zFSISPbTPCrjRgXKJ__gFt8zk3ILpY_BRjm2CYw=,gAAAAABoUtfm6N_wmzwKr-S4eZ-P8TZW65xzEVHMITwLT6uJT-3FCG86SnoyyHMqR0Z67EJAaL7mHrhcas42DDgNsmAovuI9ufmvlHEHEKqXcr9v6AY5IsqYMFjKPsmFAGpw_E7JrhCN-pYlkFqRV0HrF2jUSQloxfdw62qZomYSjT_u5ijSPS0=
54,Juan Ramos,Admin Staff,FutureLink,gAAAAABoUsiReMCx5BnP5iNAZQiubFX9rtya5RfJ8MAlE4dZCae2nYtnLs9MBy1BVjTcN4QCvrjWW0t-Rpa3BJGrbVCBMzR3AF24lyK-Yg5TNYrhSF90BvsjIv_Bzb2fyoSMPil7XuCs7iwjvQbZHZjUorx6jOu9YQ==,gAAAAABoUtfm23vp-XdSKQI2Pjrs7gVaHsx_1nyF_BwaWcwQaJ-eBBFxCE4JncnRVa9eEXlyWF50T9qqYGjYIp77308nZrlc1VnNEp0SoNPxGhLRAmPZq-Mo4JsMo8AtVPsZJZa7A8pwKO3o1le6uewuI9BPBDOHgg==
55,Pedro Santos,Marketing Officer,SecureSoft,gAAAAABoUsiRPZZ4BBXn0MDnmjajEC69oQuBthibbUeGta0S07kS2riFzRGnBc-3IojlRXEbuiRE-JCx2DO5diYDQVFCEJT11Rst5pvn0dsaoYuPqlFHPGIYtkOnZ-S6TL-0i3fIwvZC0kEmbI1TdBghw9DT5hZAz5Jc6-LBUf2zL556pVOyKC0=,gAAAAABoUtfmD-cBECHNovDvAruhJbzo7hf816SBoGYQQboLgTMs21gfFu1cikLJNUN2txd7eS-iuIfF7j-IWUrWEdkY5MsAeaJ2QNib6dqV8DjNAYUqTQ8pvZY7PK1oO4QaPr377aieVal7jCZg2F2tGygzDxSJUN_-I6NzIL3fFv1U_IDZ3dA=
56,Luisa Dela Cruz,Project Manager,Innovatech,gAAAAABoUsiR2zqa8rIQRGoAcZWMhNtm-EY_nSq6rB_T8azQYEsIXmcZQCxU7F_TU3EaO-uZzzSmarIkFtjJc0vNXi3Y0cdWOJSrK1SDzspELIvfg6VF5Ip4A3_1rcaqzSYAm1NazkDDWXFEMRI1x0khwClDLA7arQvR2DZW48DwDDKjMET2i_Y=,gAAAAABoUtfmjYo8G6eU1as_NnMT0u3xl1wsOSwYsGayMsubtoiZK_1_4EOKqA_C_AxS-Pd-rTyUoHFgh7gHvJSeJaJJNKd2o2_pkYHFG7rmFRw5AXsN0pcIs_oadTBIbdy3vAyS1VPPKCiwpi6SVOSUQYh6XvhkRwJaESeRzjqCpHhzOtU5Q58=
57,Miguel Dela Cruz,Data Analyst,Innovatech,gAAAAABoUsiR7aYZ4Z0IpGutFFf2uqIVbPwkBUPGTDZg5BKmQrK2gD72UH4UvENlYeywrWKZUlNkMyghFoXVq-9EcU7IqH83mBi89HLYkkFHBL-UPDVwh770H1o2RHkq7kJYh3UYLLPZ0FjfsLY8nMX0OzxBVSpxd9i2ghLgCShs9SHw3pYKv7I=,gAAAAABoUtfmUEtx0IzdNvAow5Pp7peAXO3vzlKYZ-5kMIqXQBj2-VAW4wFR0JtD9JDtrikxQ5-94pGEIK7lDwtI_X52ckGNbAvcPspn6ldFubJmbL824aiy19tBBY9m2BP0pD9aLmwieGjoSvlC_iTxaVXd_Yf6VzhG6ZlsfJgTjUmlyhiKbWg=
58,Jose Ramos,Finance Analyst,DataWorks,gAAAAABoUsiRk2-KsW89bOgPn63hONTFWabcrwDqhosBVwpq0CNXtGy3-zgqH_wIlxOeTg799DhONOc_2-mxrjaj3PSeLWwIHf3K2WIXMDxdriuvRRWC3hCi3YkRtMJiHgdGQGnrMlEP9UUGjH6WSpO988aItZJ1clRJaj1Nw2dShrfTV2P_4UQ=,gAAAAABoUtfm7Tt84VwPbn3sST23jqgL-oLc-V_uhIRZCVU3EPG4l9ZIwxyf7-dLalUdRi08fVDsUDF34oNqM8A8D-EzTR_mpUBvDuEj1yWLbjIV_6jtCxV8K_vMcrdD2cPxOQxFZOzuI61jhKuuCn-M3xso6wruH0V9kRsnaPkxggOUHdWu7ck=
59,Miguel Lopez,Admin Staff,TechSolutions Inc.,gAAAAABoUsiR1TczKNyatxbaAnlr86-OrS2LUtTfFiD6mMLxbLMBn3hDt2R91h-r2kaSk1m0B0jKCMlU3Zw9PiCu6FxtWpmQbI0Q-WSa-H1CB9Gvb29aMUaT-B1k8t024nmPRjeZ07yI9g3mT5k85NlbSicVURCg4cYaaLj-jQh0Xoi-RsDBYrs=,gAAAAABoUtfm_eqAph9kuypffijXWG7fQ6PP2VfAFgYIqZCSJkvMbW_YsnuQcKfL5j_GPjpQ5-CEjrpkbWZ8Fp9oOdgfxJcW1mOHScS6beYje9GIyN0-kCj55EKEEAgByvtWJ2Evnc9YuublfwFt1CfH3Dd_2vzZxw_Uj4rEepLiwierGRkOOkQ=
60,Miguel Flores,Finance Analyst,DataWorks,gAAAAABoUsiRTWvMm97-KQUDG5cXuaKtFCteAos1SO39apbbPv9GTQNBy9bh2cOpUorISYBJz3aW8wJmFsHhDCAQ0VH6clNwxS0_J6P6y6z6tUpkxPMgChY78yZDhabhIsoxbKDohf_LqxPFUaJ8CeYbxdarkuSj1BFb1MYIaV5pUiYHUZGhTQI=,gAAAAABoUtfm10x8TUhTp4ra4DOYinCnJ290lF4qOwaq1H2jnfSlCK1ZBVDF54JSFpduyN0Vx3VSbtGYtph4XZpqsmVkA6cM53dV9KtaddkuDpCy8xbtyuTmkpYZA27reRRksHPr12qJP0ARz1hsurDsXRGkgDnvSe3n9Y7Fb2L9imOfmMLo6Ik=
61,Ana Santos,IT Assistant,QuickServe,gAAAAABoUsiRUCkp3MEcJxlQOTfdRUwh3nX4KQadmsnSQZez_DE58Zso6z1Zyh-OU_ht-pQHHY_0mQooHKGhVBjpDVG1sUn02vDo1AYjKjSwP_p4ySf0JUIDOULaYnTb0ovP1o9G0IMiUIHJX3q79vi114QmVmu70A==,gAAAAABoUtfmD5sNY9wGM4BQdRM8TFt68OG1EI-_Pssf2A_LstW-IWYZjLoE7pfbgp7bpR96f8lg8TSOpOsdJTIpxp5zi8AjYj-GmFXKK3s78vp3JWKAUjQvXS2f0KOHpOcDkRNpsXqNG0_XFqAmlz5ciFb_d24hHw==
62,Ana Santos,Project Manager,MetroBank,gAAAAABoUsiR6k9EvFRmGQoKoJ6FTT7VWcIksI89gZ7D0Vh9SYgoZaFWlD63-cGJpIe3csTDseu2-frUr_r6iq3VPrmwPjyO2qjgAlasZ-ffG65OvCOltlR74E0_T55JhdTeS27_YJNz5T4fLWLX0Ou8M2GH_wrwm1Q1-Vo3dwD0W0w7IGzP6XY=,gAAAAABoUtfmfvDEuX1vOkjxxfGK1REWs_N4Okx5KYuXr9L_1WS3WmNN_PZjpUZT2NBZnrR5tcy0EPED77B6-Ats71WMYDZDfFJZKSGADaNodjCb8_ulY5JDfYrFfxbkAItXgh84ULejo7Wyvt2M_IAkdWxsOtux6IFCxwcVXQLC36b9c9GW6fE=
63,Ana Flores,Project Manager,DataWorks,gAAAAABoUsiRFEZS3b267I_CNQ9ydpSNPEq0y1GddNmk75uo1NU3_Rnbp8QzaoKQkU2IZxitrOC3PaHn-o6kaZne09ZGL__Ogkwbz0Fggo1wRCmTg8jbUHts5jedd1SMj57oSA9YQDVnbPb8C6TYYAHoWe_dmqP1rkrfvnJcwNjcOMbjtne5FeU=,gAAAAABoUtfm8kLWBLUpA7VA2BiSKGAAYZxUs7UaoGjg3HP5gzyACw3GGAJkU-7uBcy43nQh8nYa5I02-a-r-s3ij029iCCHkusrWlHvExJ-LsFzNPSinu9fcc8UmZ9XO4KSmVTFZuqPA6ESwTvaZicZ5TAWF7q7kNU6wkl4O-RRD_4VB_x1hUE=
64,Juan Torres,Engineer,NextGen Systems,gAAAAABoUsiRaT-3Hdi-i7wAYidIWNwWuKKfTT2q5-wbPjF986TOcVIvhnpeApJly4efXsbGEcRfiiPB0l60Mb8mpHf-KLW_XskCXMRQfFaDCTSaOC4hNFwqKg9DjyPbn3ltSz_YoEiUHgg55uqeqJUbbS8KgHwJ0K8iJfG4eR9g6OQFYfWTBFA=,gAAAAABoUtfm6SGnk_wDrC_lfR9y24OUj9JUrnFPXJHFdrtYbZqwMGr6vOXpilcjpfmt78-wUPj9D_jPpjTOCa1Y3N_6b0Bto14KCkt9pGHoIgTXUCgtbkW2PPgUb4casyvtR2eVz8cdpGzOu0orV8f3G5Rw_s0u9yliibJN-WO9M9tzj0DJmhA=
65,Rosa Mendoza,Developer,MetroBank,gAAAAABoUsiR9skOe2_BIKCvhyPnhEYww_SgFYjXJRx-EbROgmTxrI46yr6PqSyC2CyN3FG1IW5Cmkvh0vFFbekJc46ok0PHpib4xbN7dX_iOFtNfxHDEjQBhDoAoZHNRPGBwky_4MqLnYuvKo4c6w2NMgFBZSR5Rg==,gAAAAABoUtfmUzT_wA5fkwwMSiOVy7UBZyWhzgn3dczE6QBKNDKQJg3ljKMPe69hiv5HPh9iIIQmkHqvKSfmTqFAWEy6vm1kJCK0QIgW5GU1EIbrvqpIZw4br_j_wSx8AJ46MyzCVw28MdeRhzdO1XalFgzQNBZMOw==
66,Maria Torres,Marketing Officer,TechSolutions Inc.,gAAAAABoUsiR5IMoqAV84vtOUiSPQDHheO-_LfkYFDkacAYgiLMGWrNoRCBWZ6hCpFAvkG4y0b1Po9X0so0SG4MRdjZTgx4fsaUih-27XUsAcRtYtIGiLXtQLGrgTftvMkMsUQ5ti2UaTyMkVEBvrpZuji4272-1VYU0ZaZXpPDdQYmNBWn6MwI=,gAAAAABoUtfmn6JjmrH-KQ-rvPIEub7D_3Dg-ghsfH86VOv1TIT97ofJolyRirmNoCA6CxlsNzH8EqqjonYh_UM0xbs8i6dL8UozS9CLItNVCiVxfuB-kpMGog91F3V-LEKA9u-bBzLwHeUgpygJcnocwGBSYQ_CU1AGxpDFmyEMXZPueyDmY1I=
67,Juan Castro,HR Specialist,MetroBank,gAAAAABoUsiR2s41HNwdO1a_GbKUv4wMPZbmd_blcZkuE_FPqc4fTkH73QLiYR94SEbitnXJFpJhKj2E45kmJmbSdfuuhFA-hAx5ctRCDimGF4c0g9v8GisgYq0bLvzBJblJ40cvbod0p6m1IfhpJz9q7urL8uHAsxnt4d9IHB1AOrG8rHjjg2c=,gAAAAABoUtfmpsDSOUUS5qpqSuDxOnWR5Ltpo_cEKBI8rRLOJFaJU1S_rubQQxdQ9j2r_CvvVXVLYkvJgGcQo31ezXofc5OhdqEM1YoQnnP0I0pqpFwhYQlg0eup1OfthlW_pORIfRc_q0YuLM53__Td8FHlT8Xit5JjCdLywIhyZ-euUtPPf-c=
68,Maria Gomez,Project Manager,GlobalCorp,gAAAAABoUsiRp1MkRKdqrosSOj4KEC91KAfl4eMFLVdkFb-047qJiikMUZ62BuzHVP1MJFKNGTyahLqE_QO8m_OIcMfFfzlmVmUvgsSIw4JVFEN2a1n49DGf9Mm7BDcK2C1Q3q_mQaxwelFqJ7SCg0LxKtMCW3Jj5NFPkNpPxH3yo1HTNgW1u2A=,gAAAAABoUtfmT5ELlsGKVpEwDHAKfamyDtoqIcDsTdzhtSm4kbn7J6tO1sxUR3NI6P--LTRWUY4a_N-1fMGjCvC2KAi8KKkBYni6CA6RPq9bmfdi1pWJ1oqcT8nFNhwN2F2wbzEz6TJLeeAjMYWfyj_5rzu9j-IVxUK-aRQb8p-KoboFVtDsnRc=
69,Juan Dela Cruz,HR Specialist,MetroBank,gAAAAABoUsiRWOetO-S1O11i7LxjWFY_hs33oqtmzdmxxLgnWhsDndh7ZEj7K8VfKpPaSaff98oIJMACyS8vpSFstokyLFh1-Y1nfBYXHePaQrROSs1FpYlnNumaLpxMHWqMeCYmEANDv-DRud0XkfufCNZuLZmVCqbinpID4H2ba6oIBP9FUyo=,gAAAAABoUtfmiJLo1R5lwhJ3D3uUr3phZi1OggM6fNANhPtot2H51C5uv2b9KOixHelL1axMx4FNjRYz6qAmEQO7L2Bu0URSJ5eK9IrNkP_XO5VVvPoIgMOLyoowYP5O4sOXO5waMQomhxYAIEs6-5SPmLTb6Y8__qG4n0kB3fTYSFcfOGYdw0s=
70,Carlos Dela Cruz,Project Manager,FutureLink,gAAAAABoUsiRk-ANNMo4IVrHcsPt71gnOFpGwY7Z9_UoZwlo31IR6zj_wTj_WQ-VqQlLnu4z-d8eMAvLT1Z_h2FdSOdG0yO0c5LpFl_oR4K_RZnH__lHB5IxBB7lTCvl3BOEB__21ymGuZWOtpO42c-V4ZRv_mIHGEc9xu0NnXeHlo9xyPr_I3Q=,gAAAAABoUtfmRJMt2UzIe4yENgkdVAoOg0NJAzfH_vl6vm6dTNjsooCkaqeQ6fHG1l_4BraLEdfpClhcprsafDnywnEdsGf75CyUEW0oxeiIZGjGcPnd3I1nGG52M3C50FVukShv5Vt5ywOayjaN45Z9DDJ27GboFrdeiqBhKfntPhTgdrsTo6g=
71,Rosa Castro,Finance Analyst,GlobalCorp,gAAAAABoUsiRFWV8CskZR6TPfTIjiJnL0tu_oxdxcI8rT9JbhItKldIuUkdm-KxMg8ehfHxZeiIDq35Y0s1i5jADdZsANCNuAnFUvxVPuAU6Q4RjqwLxyV1PhIWhp0zL_uYA6djGBhniL61M3tHZGFvWfJwfQsiY13K30KKUXfKVZTJXYxFgf9o=,gAAAAABoUtfmQVBkSlFQXk6_SmARbBpT73HQlM133bzKDtDCp_HDubW1f4SnLqzC0YAJiH_DdBBxZTDGBuOcUEusmMRzfsAJ-n_xpBJGZ4r6s8T152J7L0wusIdU6Em4Da9VXr5kJo3C_B1A6c0BFcqaFhpmNlI0jGgzVxXwDw2qCtazjVKRNMs=
72,Juan Lopez,IT Assistant,NextGen Systems,gAAAAABoUsiRny0Otqjw2Ma-bvL4cYUsygLExSI-I5NidNR0ER_1Vi3-wtXs4kVTo6E7BGfdjBVDQbhV0B1K3Qj29F5glLpyqclbhjVaFLLcc6OkZhl-ExJT1I_LcWHWaFeGgyiuQhwOM5NYYTXuB5b7SPJl4Qiy2mp6eyABA-_JuFyL3ca-qKg=,gAAAAABoUtfmiYF2CBHtl064Ec5o1BTQ2HRWvg3_e6VFux37vXa3zMPdTAeTPV9KPkhuEzyoKwm8Jzi7sqyErMUSJTH5qOXCo_cw3IwAzrx5JnLIVhsQ5T59UOE9Q1_V3I80KLUaUEp372nW0abl3kjLJVKF2-bTTUEnDdUyy0NeN58qeGGAaK8=
73,Rosa Ramos,Project Manager,TechSolutions Inc.,gAAAAABoUsiR8heV35Vecy9BZQj9jVctBGA73qeg6RylxKFxIqhmUGrrTAUmyv00ZDz5WzbovJmxSoWos-f1N28sF1Sga4fvwRAkhq6yP8tecvMiruxe80bN4E3D5uWfMeQBCQK0G64N6fsjACSZpasJ3gmTMzsAV7X7se4MGnkT4xv4xbUg16o=,gAAAAABoUtfmMvoHyGkOcTmn81s6vEwJuZ3rVGhDS-WE5_pLNlfmB647bsIa-FhioC1mIdDyOraTOuhpWiskRLaCkIuNpeNAw4kiy7VbFQngQ64RHXMUUYnYFF-LdNX0UzXAwa_4YBJvoQElc2PvecPYhF5cJTvzilKZvaorTjWNnyTr9Ai4xRc=
74,Jose Castro,Sales Associate,WebWorks,gAAAAABoUsiRMpF2iWnW-QtR0T-5O02o141X8WGd10iY9nV9_RKKQfbQlXvBoAFPCqYCb5kngwAsxJn4DXnuQbzrv64Ow_CWC5i3ZA1z3nHPN3oQnSsdDHvjeRzH9ZqHKx3gStd-2Ma-UM0BHoONrWFnb30FQ45C6hUQoTKXY_qaC9kNMZeFA6I=,gAAAAABoUtfm17p_n-kL_NjygPDlq8zOcZ_ZtuwoukfxXN_6ut5vBavP1ioYv2CUKAld4DGjOBLkDYHVIZhE96zicuLQ0SLbBCMcAiMoWT1RgO09uS11bL1iFLlsItrVmXXhjXjTW0qQhlseGjSSe9iLrtC9ZkNq-eWGBQxHg5X70Ow_rVVnAJg=
75,Miguel Gomez,HR Specialist,QuickServe,gAAAAABoUsiRLYRXYdJRUAYIlVwcJ4Be1FiEex_DTYzqFKqDqir28zsS6tQnNOa_rv_A66ENWSFMj7MQIg-Bu5yqCtnFZ0K-OgaIovCA4TQK5x17ettCidFI4cqquhR0F2sYb0byBWjrcqNpLErpsSg3xDsGecBIRCES1Kz6xNoZRg0wI5JeXJU=,gAAAAABoUtfm6WkXd4yS-4j5xRd5tyv5kpfQazyWzbxEGOT-kDN2dtSfVmMQ24abu3QisarIyE3Xo9YwpLGcP_JRau3coJTuI-jyowK4de3Os_fKcDIWk9lWODjFet-vCE-v2MpuKaw1pVhWKqBmAcJ573u5WO4Bm7aHj4FgtprQlusxsNVY8R0=
76,Maria Mendoza,Finance Analyst,MetroBank,gAAAAABoUsiRfQFOdaiguNbWvYDlXBNvPmegsTZ3FkxtOsW6az39frp9rACEbTqUi9BfGPOkPw1q2ofyTFC4TQ_57rv3l2IAoV8OM8-64IqFplCKGz_mE-tovSecxT7xCFURcf1gdHGQvaZ_2YKlZQ7ejAxM0mCR8foC92bc8vg8MTXvckiOeHM=,gAAAAABoUtfm12dt360bp7kr99sWBncPaT1LxuKKKw0g1fEpfEN0t-wUw-32-dVL1_5Q03Ntrql4i2_6rxPjmnDBfpTN0m4U6nLtdi7kWI3vu4b0lEWJ1K3anUJ2-mbidTao2prwcwBpG3-NW-X8DrA_519HbwArqaWKie32btG59GWKa7KgYEU=
77,Rosa Torres,HR Specialist,FutureLink,gAAAAABoUsiRQv8GMObm36J8cBkV2NcD5o1B2T-Uzt8bBelR8yCupgsZXeqogZ5Cq6dz-Z1zAWWt4ao0GvyTRqmuCd5KIz4MpBZcRkvRMvMTGY0ZbtX1Yq2lYU_WKIsRqYEZGjxtuzGBK1KIWKJs_69oSt3XbmcaKgm_bJkk-LitrJS3r52Wl5Y=,gAAAAABoUtfmooyc81642nb8arzuz6XxkE6Fax52hzCHn2-ao-LdjCjGqqMD6TmAGHINH9-OVBBjYfoQj7JOIb7_gBjJ6O3KJOiObU5atAdwR8H6D2n5iru-0Wkh-yT8GgArXbNlI7Lbcfqao4AZs2JbK8S-j_i3BmsBmQvfZjqz07z3E5BvbzM=
78,Maria Mendoza,Admin Staff,FutureLink,gAAAAABoUsiRSHQRWk1sUtoctWjMo4tk32iH5p6o_g-RkDTy0C57n6DVNsUwFBlSOA7jfDckuJzQpzyJgTtS8WZaiHczWdq5rbPRoexyBvtr-RJnyvKQHtsI-sqn_fsbAmB3S6QN6FvHfPvLYapu87mAnwbRL1CMvaIVaIK7073QCTrAPLnDojc=,gAAAAABoUtfmTodT4egHZLxeZVJhmkvnP4dJPuA7ZAlDmPTqUSPT4KwokPK4ybW1yYCcHf8ECUGINMcTmztmcNgCuj4bLtqBblj4yAGmFCdcUVD3CxMDyIOq6hSvkvEtZD1vJRy3ZoqZikzqutrogfSAHUvApvL5SaujFxu2VOcBbFcUuR5Xx5E=
79,Ana Santos,Finance Analyst,FutureLink,gAAAAABoUsiRyF6h2L3v9qd5NJILsakJTcZHLg8Hc6UJ_qkEHPiyQ9bUSIqCB8nTNBSL1hyhvFkAV-bw2WoGgnTDjsaOjY71sLbA_Yh5ggr-J3g6-ctqEYXeR6xl9kooNgExElavJQIz16et20kFXs6r1hjBZSXSk4GvCM6DcCgSc0325RgfqOk=,gAAAAABoUtfmBIB2VhhVEv3Fe-cevJ1_oZ4BlKeybmH5wLMB7hrNanXI2fSr0u-9wyV4J5YUCWT95hnuhkv92lBSQo8SUjJow_DnOYuzNmiHPstLQB_UlrfPxgk5O_yeOGlduuRoj-wQ6KPOUW4aWHWaCYCxi9mY-rDMusr_fCbqP6ViuO-6ZNg=
80,Pedro Mendoza,Sales Associate,QuickServe,gAAAAABoUsiR1Bx93sT4Va6JmIqgtbhQrPYLa-DAejxxurA7wi1ty_UpMm6fABLEFXP8pCwuE4wQl6Rs2j34GRD_5sEvasYN79MI-a4vPlkNvqFQ7eeCUXBDSxoKv0nXVfBZuPjTA11QMo02AxjIXtQmrHxLn3qTFzylrnk3CNaDjS-PQ6spSkw=,gAAAAABoUtfmQwc17KBFIte1mUQapycyD6uymn9K-N70YcNCvyaDAzamvIa1HHGzG7z2a5WsSmFtk4y8uVLKbX6mtgxZ7Emg4k7uvsjunzx3UYJbOK7cq6XGLWTSxPZELhyuljP55uBTDJO_eY5HGRplY1xkF8lh0CGE6FkBlduGHAsC1WjLTU4=
81,Juan Castro,IT Assistant,QuickServe,gAAAAABoUsiRy3hKs-vIELFBDw7xcwbr7ajjIBTvDo6o5aWy-mtBUgQddsWEzYfkA2uXvzxhjNG8j6tIveI0f7j2Rsb8PYsNGV7O_W6xp9iZ_QETnOAf34CaNw0-Clg48jwBQ_CNVvW7a8yJiiDyoEXXhWT_JABdirzklVs-J3NnrMqja0Wb_4E=,gAAAAABoUtfmEaWE55Nxb50Zr72Xm51GBhZ5ed_cWEbG8Gq92SvXStYpSZPtJhz5Dhyfkn5YKyDrjP-7BCRj1VvI6JL5OuFnP8tIxvxthRXAkM2MUhmGzXL0BTHSkp-zjSz_WJmAZAI-H6zkb8DBt0uh5O4y9CtqLXn_ZGH6Q90tLdKg83IvEyM=
82,Miguel Ramos,Developer,QuickServe,gAAAAABoUsiRAQi26NHRCDMKwtxgpix8egAMZVcjUKtgjkhSy0L9dvAL8GK-Dw4zWR0yB3TqLJHhOMkiXA2Sy7D1s0u_h0nIrWySTPc-aYudY8hrpVBQrlC8NNPFc8iAEDpug7YZXq4HSzTaAASa47idE3hIjwcP7w==,gAAAAABoUtfmaBJ1qG10-7MisfJGLIg5hhTRMRNOpE8V29aFS5m7y8bYVarnr9DcbSee_hM64_y1az-FtKpE3vWkCbci0oHyPFK_NphQlaEpCBuZ2As18Qt_2dc7fXZBes_ckjJI8bL9nvOOkQrh7ZzPC9kniT1rPA==
83,Pedro Torres,HR Specialist,TechSolutions Inc.,gAAAAABoUsiR-8h3so5NWqsqcNvUVzsFYRByKrFRJ5rhzTj6OYLJ3YPsL7_0ak8bR2h1yKaVme7rYvapSxmeNUCxd_XntFxnO72xmPMGQ_3Eq1vtrHsbqCPvGdiWGT3s8p6ycB0DCrrm8JzpU03TaSwCUpnT36J4auUSHUhWNFWyXCfgSr1VxQI=,gAAAAABoUtfmOv_UTr3hblkQuv39f1gvHD0jQ0CwGpJdM8wdRn34cTYkh1e3JR7fk-N1Fr0mv7y5DSRK7jEZ9WYXuKfIaeb7T71fS4pDUg6IJDdJH1CA44cj2b3dWd76XA4Z88Yci26ig6NJSUWyg1h_jOf6coV7dtCIWeB03SjUGzyc1BHkf3w=
84,Ana Reyes,Admin Staff,GlobalCorp,gAAAAABoUsiRBly0CEQJPYsJrdc6-X-1yWMQKBL25laOS84nEfjmLGA94TE4ZGKd0SpcKeSl30sYgxdSi4blt0BTmGiYn1KZWplT-oHANtK0m6xFkD_AZfmeAMDJLHdHoVOhW5mq-Lji-7yVjzTwWHDLKkyUfn97lg==,gAAAAABoUtfm7G5xL6ohocUITieEzXROCRVqi5_SILzuzcN2t37Hw1IUWPA7e0rZfQbkYIXSg-qrM0nntlUJhjMSKWb757LYXS17yLMakt2otIowDWqkixMIjiTLt0tu4OWn_CDQ7u6KmGKA22oiNrnm-Zuu0YiGbg==
85,Ana Castro,Data Analyst,FutureLink,gAAAAABoUsiRjlj_5X1aafTRwqY7HEcX-saZ_-mdyhH_cNP8cRcsk0ocZp3iusJ_DdsZywdoP8KRfN03sC9lf3PMqxwYxcnnqf6mCEhUXcXVvBijcawFMlvfd0xYvtCxU2ze6Tz3V0cW-WgOy7xiHCxQVjGMjatYEA==,gAAAAABoUtfmDjw9BmAxRjoQVgFquhq72Lk7SB0OGwSy12TtI2aSeWJuw2YUPKiKUt_2Ivdk6VFSkHQCWqtbI5NjEJyyn5uUyqvtqsVq--_4rIvC4E0WhlOcBLiqWbIJ3H8NAHbJbZjpVUtaQB0Zf0yMiKM6JtbxBg==
86,Ana Dela Cruz,Admin Staff,MetroBank,gAAAAABoUsiRn1p8uwglzRpl8yDfLKhlFkIDab4FKzmRlANzJR4FFXXRf7iVFIT9jd5KFPkE3iBqlGnRX6qxkkPCVDZFlpWiDkg9Y1F3yaOr-Xx2C8pWmu_MZoqAtg4rtg9oXF96WQgxOqLRtJgWCn6eHim5DEiSyp-40qC4HBllyCs5hW7AGU0=,gAAAAABoUtfm7yfD0t9iJA6PLCHYrIEkhzrKaAduCwfMqmxFUn4aiuHSIKiK--0XSzWuerGMG3hsP0C4D__C8JkRZJwsijTPZ9iwh9XKY_hwBcTN8CBnQPVyjb28Z8Nf-0FjT9pZXJ9XLpYcB9yM_siGxXg-5bFWKGSxsYsxpBvoNgv378IeKL0=
87,Ana Mendoza,Developer,Innovatech,gAAAAABoUsiRVJhwrNdtgOYWk-dHhANFomHwp4V0_9hM5UIWQLAUy1QkossyO3WZgYIMRdTYPqwYuEqKTwvavQRNDUXgsrdKE2eLBa-donqxi2ylP5-8cj7RjxfDJaJAXTjBMsH_5zn4Ksl84fpddZDswNy98AvaUA==,gAAAAABoUtfm-_lX-E_qJ606BBGCDA82Vc6buO18IYBt_jwPwA2qBlj18hSrMpy1C_pZ8jPlFV4gn0m0Z-GNP7AOgwq1-Vq8j4toPXUnejp54ThHc82rzVsDfBsrbVLYNc1t6LJrlLM1rp7OjzDPyk4nr37zGVJZoQ==
88,Luisa Reyes,IT Assistant,DataWorks,gAAAAABoUsiRTDEnJ-twKizTOMGMkQ3f3ZPmPvsWysNL7gg-za6m2HAf9wTSd-j7rZdTrZr9cJasyaf0P8lbtzoL2-cuIa-lgTeQzOjjc-dankyir6evH0vGM_6kRwumh1O7Z_R3a3EnoVYIwthKdFJVWl422JTUoQ==,gAAAAABoUtfmBrQCCbT4qroOp-GS2L0z64cxZjU6eedRRokPCRKwwz8xaog1Yj_k8Q6nI5fbaCJ0s9Kvh3js8uLjC0W2JHn620BFUQ5TnN3Ruk5kpLx0d1rUf1HzRtpGqi4Bzev1DRFG4kMhhDyx69Y-2mY14mjO8A==
89,Ana Flores,Developer,GlobalCorp,gAAAAABoUsiRlSJ0WDUflZ2RJANrZVL1E1gRxhdtJNMCiKQBA2JpJaD5YdBeoRDcsxfMhdgVIqcM7OKbOh2dSQSa3xxrD_51hRkBXU6qtrXKbLsLlu6rOTMWQRiEnp7dN13-XWQ-eG-7g8coV3xDoDMp8EZ-CLrybQ==,gAAAAABoUtfmSIwdPT6EVYJ64fUJWiIRuMDHY3_iGLSG-TXCFuKuAGduapY6jd6DOHZPk1XwdXde1rhhE-BWhSrdm3ENg_gLdOEEeQmfufe9JrC59Rkn61WE1F_T_yGyLjnpP3jOBRr102aoO6j1ZahPkSgjzuyXWw==
90,Jose Mendoza,Data Analyst,NextGen Systems,gAAAAABoUsiR19R52NyjH-xysN1yVmrlPkWA1OXkigfUScdh2LNDGnFv7ry1jeKev0SUQLXqi0BO836aKW7hC4qrJWQc4JA2qnvGGK3WuP2c9GOgqAFHbZ9VhxPHpplEp5wLyamqhPHCn4HB_xRVbDIV0oNZ3uD6re4vOd9EcEWj81UrCV2wT8E=,gAAAAABoUtfmDZtduIU83Y5AjzioVlsxrbqQSPdkjSulprmyIAeSBgoA_k_hjTv2NFOxbv3NkIefFGDurp07_VfTH9P68V259q0Y7E6arpRpaDJQhzeWIAWCyTyMv6_jRWy-JMPlkX23JqN6rHyo6zmxo3vfcV39LV7ZOV3vi_FrCm-Jiw1tcEE=
91,Carlos Gomez,Engineer,TechSolutions Inc.,gAAAAABoUsiRR6IH1jUrP-FDhMeJ3IqYILHW2a_VGxggrd645A3E_p7AgY3FCVmpPUa81dtGONN6B6J2JSxUHvQuWEqiPkIKex__yL6RUlMWWC-2yJFqItc2SFtK3HDkIKs8Yy0V6uIEeGWlI26JlJFvxw1wwmrsIH5Cz4fcd5ds6zcN3Mu0Y9M=,gAAAAABoUtfmXrIVtBbRqdBgVCmdfq_9oAikjQX-HMZ096hacs3mpTN8YUvtKt48hQEAG4xaphSYt0rr9Ow_jiPRAf2F78cEYYS9WxtB_aZZmcXMaR0uuKECJP9rWTcxeLxLQmoTSYwbDvMzoLNSgcffTwA0N3IjAaHCHzvTwbt9CPtZON4_eUo=
92,Pedro Flores,Marketing Officer,FutureLink,gAAAAABoUsiRvTon0mk7S71dPw1fD-twTbFAFzyKXRAIwB5QiE8Yc03nXsy-Tdu13oqL9J_3tzyHqxmTTxAsX1jG6fYAk3kr6ym1YuVJH2dv-jmQwXanCHGm-Oc_z1DWiInsKk_BAPIJ_a84hfT21C_W8abi3CRCYwbFGYJOw5QugwtWUE9i6wY=,gAAAAABoUtfmDmhEcD2fXq9bHEDXUkTSzOLSbXvkCd5kpX2fGjjowRrn7bSwMyf8ArLEhScnEh_A66S7NJibaXyBuUDyAFqmPdcjDNKdeyuN9g9dszMhNO9uExImNicikSQGznLM5Ye32YpjLMrsborfBz530Vf12IEy05nTGxJPgoRG8IMPLm4=
93,Miguel Ramos,Sales Associate,NextGen Systems,gAAAAABoUsiRTc3DBzBMDzhyuDsaA6qS3dbRczk7uWunxCTXO6MzU39Q5idaGhtmBRYBhrmDVN3zocP8g8i3dCPocrlxVHrUM5GuLJl9D1arGH-8rLlTmEHP6_RZklQjL1Za092LE4wAVkv8axs4e_pc6rpOgGW0s4lXjQ3o_usp3ebY8WB0-Cw=,gAAAAABoUtfmrxM5NNMwpP5CDqpZE2uxzanwnnTMBGyXpMBNclNca9VhCvJTcmyrR4sJEb791QEN6BTXKDubkJ8q5Ev6gejjPAnri2GY6uMwovJ0AU-ru5mmr-IkLf-5N7cqUP-aDJMTViWdo43D4SOK6XBG8CLB6b2U697oHyih4NtO0Hwg2ww=
94,Luisa Ramos,Engineer,NextGen Systems,gAAAAABoUsiRZJcJ8kYou9GUdFjrgV2ELyK__SXN8DwYFknxFZMsJ2f9kA8MqFjyQHgKYOUtq5NM8TPw8LmgNkYBUn_IX9KCiXUrozrZLTcrY1rsH9hD3MUSPMb5eaEXDFjfsfDo552sR55fNntS7vJ1b6dSMGoPWojmO3UISn7GGzloK6Xxtis=,gAAAAABoUtfm7P9A20DqWs6fSlTK_-Um4Ah32SDdg-aCNM-5AuUO3NGC4e46wIomij8sxB7QG44HHqj-mHbX0wZ1bTlVBUzBzEj87lYl1Xki--OPhZRNq8eZ30Buth9gO7bBfOcw4e9A2LPCNwTfKGgKTk7m3altHZt1TqHfPDZMntFuNDKLvbY=
95,Luisa Gomez,HR Specialist,TechSolutions Inc.,gAAAAABoUsiRwgMZQ-6ofgob3tHFzofQgQOuy5FG8PjsT-9gE2u3Imx8Lb-STnHQdQe5irymwOEmSN_gCuOflVKDLyUkTwikQ-UXPClVgJB_fr-JTTkWR4LAXBL7HXpTv3sThvZbnWI77Sp6Uaww5yOOBCIImkhpBd8rJ25NA70jNjB2B-3Ys0A=,gAAAAABoUtfmRshFSzc8PxKi3i2WQtUa5kOD8Ca1O8EfzatQgtEACq3lC8ijIWaU1gUBXzf_2JKoZm9oeOENKWEeSq3TuOr9EKfBtWMpIJL3p46zYS5XgZrgbEgUJSK3261dBT4iXSdKWPYUUCDcJxu0sP3ngdVDJxZ3CH8fdxTqHRsbKyzTsl8=
96,Pedro Castro,Data Analyst,GlobalCorp,gAAAAABoUsiRc0dRCJMYh9o4ebDhtIY_nU-hlNI2DmDUpzvk0nVUYDpeprKgscZ9HrRVgNLHt64LBwo80CkF_niaWOhIGPQQ5583B4vXIVnz1F9rAiWU8tSdU7H7F_OaKLcueOMYATqP2CDVt_QB98v6nrf1R-E-krX8i1J3AiKDj-fSDTr8ptk=,gAAAAABoUtfmciZy-CDLBRSNJEr8eQ2PIzu4I8yEN_0xUc7XA5myaHwqjYaQxuB_u6zPHH8cXZJdZp3jF-Wteag-1C1wc5VGWMsFhggjmKldA3tvfg9cYiF2mdAHX2bvFh6IiY3kWjcF82M0pavEMjdyu5Ag5DgIjeeKRvwV766UAgAJPYnV4eE=
97,Ana Lopez,Sales Associate,FutureLink,gAAAAABoUsiRyBbGVQKVrEVlhYVUPvDDF8T2XJgcKtEM8b00oUixErpxYZbXQXkVij6oXRxLdKG-6DBtIf5gJmAEkwJlFAf6aFL22LLGizV2FrNfV7FtRsJy6O7BQZtKk16tD6x0oY1MX66cCgYYc-G4tFGUsmCsbgcDMhKsG640xCZuoN6aw9w=,gAAAAABoUtfm7-z26nnHqIJyJmezZBEXycWujHfs5WKJ6civQBWW0I0HmogbAX0-ixbvCIaBToKimfQvd3fhKDZZ-gbElE2x970zjrWKa1e5Cen2scmGF9_afoo93ERxSKazGs7OpSsIe7GVXv64v3ABgTu3A8Sm__VsByzmdvF_zixyNgMZmzo=
98,Juan Dela Cruz,Sales Associate,Innovatech,gAAAAABoUsiRYj8Glxb4U0WLXiAiyx1Nw_FVKBnA-qh_NBZrZlLa6Tr0uq_z_zQeGkb7k2bdqijzIjVbZWXijxu6OOaoGWnnhA8zuKree-ubcpUx7NZ3HW1gzS4SX_1uGPccl8ZooX5RNCYN7HHKMZF8PwiwF47DumynPXUUj44VDs_2q1edqco=,gAAAAABoUtfmd8QheoyXxYB51DIwSajfNkmGOab3r95cdJIKYMTLGld-l5paVAu05uj00i4t4BGUYo-N85Ljqh1qSypWVQ1rW-hTUCkbN-z56mHjciK-ZiPZXWjECTrIN2HINx9oj4hHQgyBOZbEQG4qH_PjnznygkSIzWaL_6hBKYtCKPBxA-g=
99,Miguel Mendoza,Marketing Officer,GlobalCorp,gAAAAABoUsiR5KIcn_mSWIZ825DPg2rFGg21tUp0nVZocxCTyeE67ygEeS9DBLfnpcjCMwVgcdU-Ywm-bvxPxmlqEW3Gp_HTBOu-J_XtF_me6XbS9eUfKXp6BUSW4h1RqJ7nEz7bXIfNXWhD2nZ04c8hvu0SSNvqUVaDEgpKVGwdBc94wiykxuY=,gAAAAABoUtfmPU1t2wMOOVb5FhEJJerCX_lidwpJ0hC6lSh7ho1LhiVJAH2qvvBFKZ506Qir_1VyYGEAS1-GMXtc80gnmnfShuQC7Bi1ArfBnvMONe5Kx0h_L-gFldbKfmXrlYOqQkqvlvt8QBEO1r2J7j0OxaT7f2roDdDKojA-sLUu_kYcqqw=
100,Jose Ramos,Project Manager,TechSolutions Inc.,gAAAAABoUsiR9eYvRnZ680cgns7wE5zn3l5AEK3NxD67NHwv_3Kfp8KITsEnV-38IDkNpUYmMCfutSdeXznv-GMFxtIAV460F_fQ7jj_Y3YnQF2jqqIEJW17Bl2JCm3PUy5-1DqrK-m-BxxXSBtgwpTpDx6o0cEg3cekCnZAC57ll1HUDsLIggk=,gAAAAABoUtfmDsw0aTpENscq18EITVobvIax-JgAME7NGYcrSI-LU3q3U3Wr2EEEqNJckhMUWq05xUBlbjLq69hYOgPfcvo9-wB9DKlqE_68h16pDDpZ8XD2dsf3c4MXG9nCfRQH1_NZ53Sy0iTxvy4h_NCe6BKDtgvM_6Two9PwFNpjsDqZQdQ=
